Cidade;Estado
Curitiba;PR
Londrina;PR
Maringá;PR
Ponta Grossa;PR
Cascavel;PR
São José dos Pinhais;PR
Foz do Iguaçu;PR
Colombo;PR
Guarapuava;PR
Araucária;PR
Toledo;PR
Fazenda Rio Grande;PR
Paranaguá;PR
Campo Largo;PR
Apucarana;PR
Pinhais;PR
Almirante Tamandaré;PR
Arapongas;PR
Piraquara;PR
Sarandi;PR
Umuarama;PR
Cambé;PR
Campo Mourão;PR
Francisco Beltrão;PR
Paranavaí;PR
Pato Branco;PR
Cianorte;PR
Telêmaco Borba;PR
Castro;PR
Rolândia;PR
Irati;PR
União da Vitória;PR
Marechal Cândido Rondon;PR
Ibiporã;PR
Prudentópolis;PR
Palmas;PR
Campina Grande do Sul;PR
Medianeira;PR
Santo Antônio da Platina;PR
Paiçandu;PR
Cornélio Procópio;PR
Lapa;PR
Dois Vizinhos;PR
São Mateus do Sul;PR
Guaratuba;PR
Jacarezinho;PR
Marialva;PR
Matinhos;PR
Rio Branco do Sul;PR
Assis Chateaubriand;PR
Mandaguari;PR
Jaguariaíva;PR
Palotina;PR
Palmeira;PR
Pitanga;PR
Ivaiporã;PR
Laranjeiras do Sul;PR
Guaíra;PR
Mandaguaçu;PR
Rio Negro;PR
Bandeirantes;PR
Itaperuçu;PR
Quedas do Iguaçu;PR
Pontal do Paraná;PR
Imbituva;PR
Campo Magro;PR
Pinhão;PR
São Miguel do Iguaçu;PR
Ibaiti;PR
Goioerê;PR
Mandirituba;PR
Nova Esperança;PR
Arapoti;PR
Santa Helena;PR
Astorga;PR
Ubiratã;PR
Reserva;PR
Santa Terezinha de Itaipu;PR
Ortigueira;PR
Quatro Barras;PR
Cruzeiro do Oeste;PR
Santo Antônio do Sudoeste;PR
Piraí do Sul;PR
Coronel Vivida;PR
Carambeí;PR
Loanda;PR
Cambará;PR
Colorado;PR
Siqueira Campos;PR
Jandaia do Sul;PR
Chopinzinho;PR
Capanema;PR
Tibagi;PR
Andirá;PR
Ampére;PR
Realeza;PR
Wenceslau Braz;PR
Contenda;PR
Cafelândia;PR
Altônia;PR
Matelândia;PR
Quitandinha;PR
Morretes;PR
Terra Roxa;PR
Antonina;PR
Tijucas do Sul;PR
Terra Boa;PR
Corbélia;PR
Sengés;PR
Mangueirinha;PR
Faxinal;PR
Cerro Azul;PR
Cruz Machado;PR
Sertanópolis;PR
Marmeleiro;PR
Tapejara;PR
Bituruna;PR
Cândido de Abreu;PR
Salto do Lontra;PR
Clevelândia;PR
Candói;PR
Terra Rica;PR
Bela Vista do Paraíso;PR
Capitão Leônidas Marques;PR
Rebouças;PR
Ipiranga;PR
Santa Izabel do Oeste;PR
Rio Azul;PR
Alto Paraná;PR
Assaí;PR
São João do Triunfo;PR
Curiúva;PR
Tamarana;PR
Carlópolis;PR
Paraíso do Norte;PR
Ivaí;PR
Araruna;PR
Peabirú;PR
Engenheiro Beltrão;PR
Campina da Lagoa;PR
Jaguapitã;PR
Mallet;PR
General Carneiro;PR
Iporã;PR
Manoel Ribas;PR
Imbaú;PR
Planalto;PR
Cantagalo;PR
Bocaiuva do Sul;PR
Rio Bonito do Iguaçu;PR
Balsa Nova;PR
Nova Londrina;PR
Piên;PR
Turvo;PR
Cidade Gaúcha;PR
Mamborê;PR
Ribeirão do Pinhal;PR
Teixeira Soares;PR
Palmital;PR
Jataizinho;PR
Porecatu;PR
Querência do Norte;PR
Guaraniaçu;PR
Santa Fé;PR
Itapejara d'Oeste;PR
Ventania;PR
Moreira Sales;PR
Três Barras do Paraná;PR
Joaquim Távora;PR
Céu Azul;PR
Santa Mariana;PR
Paranacity;PR
Nova Laranjeiras;PR
Alvorada do Sul;PR
Barbosa Ferraz;PR
Itaipulândia;PR
Pérola;PR
Uraí;PR
Jardim Alegre;PR
Primeiro de Maio;PR
São Jerônimo da Serra;PR
Inácio Martins;PR
São Pedro do Ivaí;PR
Mauá da Serra;PR
Centenário do Sul;PR
Missal;PR
Ribeirão Claro;PR
Nova Prata do Iguaçu;PR
Florestópolis;PR
Mariluz;PR
Barracão;PR
Nova Aurora;PR
São João;PR
Catanduvas;PR
Iretama;PR
Santa Tereza do Oeste;PR
São João do Ivaí;PR
Alto Piquiri;PR
Roncador;PR
Rondon;PR
Japurá;PR
Agudos do Sul;PR
Santa Maria do Oeste;PR
São Jorge d'Oeste;PR
Tunas do Paraná;PR
Douradina;PR
São Sebastião da Amoreira;PR
Congonhinhas;PR
Marilândia do Sul;PR
Guamiranga;PR
Califórnia;PR
Tuneiras do Oeste;PR
Santa Isabel do Ivaí;PR
Vera Cruz do Oeste;PR
Jesuítas;PR
Nova Santa Rosa;PR
Ivaté;PR
Nova Fátima;PR
Tupãssi;PR
Reserva do Iguaçu;PR
Campo do Tenente;PR
Cambira;PR
Tomazina;PR
Icaraíma;PR
Santa Cruz de Monte Castelo;PR
Figueira;PR
Guaraqueçaba;PR
Boa Vista da Aparecida;PR
Coronel Domingos Soares;PR
Quatiguá;PR
Antônio Olinto;PR
Abatiá;PR
Paulo Frontin;PR
Juranda;PR
Luiziana;PR
Bom Sucesso;PR
Verê;PR
Marilena;PR
Goioxim;PR
Jussara;PR
São Carlos do Ivaí;PR
Sabáudia;PR
Vitorino;PR
Floresta;PR
Renascença;PR
Sapopema;PR
Mariópolis;PR
Guairaçá;PR
Itambaracá;PR
Amaporã;PR
Ibema;PR
Formosa do Oeste;PR
Boa Ventura de São Roque;PR
Pinhalão;PR
Borrazópolis;PR
Pérola d'Oeste;PR
Perobal;PR
São José da Boa Vista;PR
Itambé;PR
Ouro Verde do Oeste;PR
Doutor Camargo;PR
Francisco Alves;PR
Paula Freitas;PR
Enéas Marques;PR
Nova Olímpia;PR
São João do Caiuá;PR
Adrianópolis;PR
São Tomé;PR
Pato Bragado;PR
São Pedro do Iguaçu;PR
Laranjal;PR
Mercedes;PR
Maria Helena;PR
Xambrê;PR
Saudade do Iguaçu;PR
Maripá;PR
Fernandes Pinheiro;PR
Guaraci;PR
São Jorge do Ivaí;PR
São Jorge do Patrocínio;PR
Doutor Ulysses;PR
Tapira;PR
Santo Inácio;PR
Presidente Castelo Branco;PR
Grandes Rios;PR
Braganey;PR
Jaboti;PR
Diamante D'Oeste;PR
Nova Tebas;PR
Tamboara;PR
Sertaneja;PR
Pranchita;PR
Honório Serpa;PR
Nova Esperança do Sudoeste;PR
Diamante do Norte;PR
Lupionópolis;PR
Janiópolis;PR
Japira;PR
Santana do Itararé;PR
Porto Amazonas;PR
Floraí;PR
Salto do Itararé;PR
Lobato;PR
ova Cantu;PR
Fênix;PR
Lunardelli;PR
Marumbi;PR
Entre Rios do Oeste;PR
Rosário do Ivaí;PR
Flor da Serra do Sul;PR
Ramilândia;PR
Lindoeste;PR
Iguaraçu;PR
Indianópolis;PR
Foz do Jordão;PR
Serranópolis do Iguaçu;PR
Quinta do Sol;PR
Cruzeiro do Sul;PR
Itaguajé;PR
Quarto Centenário;PR
Nova Santa Bárbara;PR
Marquinho;PR
Planaltina do Paraná;PR
Cruzeiro do Iguaçu;PR
Rio Branco do Ivaí;PR
Porto Vitória;PR
Santa Mônica;PR
Virmond;PR
Quatro Pontes;PR
Munhoz de Melo;PR
Nossa Senhora das Graças;PR
Kaloré;PR
Boa Esperança;PR
Espigão Alto do Iguaçu;PR
Cafezal do Sul;PR
Leópolis;PR
Conselheiro Mairinck;PR
Atalaia;PR
Campina do Simão;PR
Prado Ferreira;PR
Santa Lúcia;PR
Guapirama;PR
Rancho Alegre;PR
Campo Bonito;PR
São José das Palmeiras;PR
Bom Jesus do Sul;PR
Nova América da Colina;PR
Ourizona;PR
Diamante do Sul;PR
Bela Vista da Caroba;PR
Salgado Filho;PR
Ivatuba;PR
Pitangueiras;PR
Paranapoema;PR
Santa Cecília do Pavão;PR
undiaí do Sul;PR
Bom Sucesso do Sul;PR
Santa Amélia;PR
Rio Bom;PR
Lidianópolis;PR
Mato Rico;PR
Porto Barreiro;PR
Inajá;PR
Corumbataí do Sul;PR
Farol;PR
Cafeara;PR
Arapuã;PR
Ângulo;PR
Cruzmaltina;PR
Sulina;PR
Godoy Moreira;PR
Novo Itacolomi;PR
Barra do Jacaré;PR
Anahy;PR
Pinhal de São Bento;PR
Flórida;PR
Itaúna do Sul;PR
Alto Paraíso;PR
Uniflor;PR
Santo Antônio do Caiuá;PR
Rancho Alegre D'Oeste;PR
Porto Rico;PR
Brasilândia do Sul;PR
Manfrinópolis;PR
Boa Esperança do Iguaçu;PR
São Pedro do Paraná;PR
Iguatu;PR
Guaporema;PR
Iracema do Oeste;PR
Mirador;PR
São Manoel do Paraná;PR
Santo Antônio do Paraíso;PR
Ariranha do Ivaí;PR
Miraselva;PR
Esperança Nova;PR
Santa Inês;PR
Altamira do Paraná;PR
Jardim Olinda;PR
Nova Aliança do Ivaí;PR
Joinville;SC
Florianópolis;SC
Blumenau;SC
São José;SC
Itajaí;SC
Chapecó;SC
Palhoça;SC
Criciúma;SC
Jaraguá do Sul;SC
Lages;SC
Brusque;SC
Balneário Camboriú;SC
Tubarão;SC
Camboriú;SC
Navegantes;SC
São Bento do Sul;SC
Concórdia;SC
Biguaçu;SC
Itapema;SC
Caçador;SC
Rio do Sul;SC
Gaspar;SC
Araranguá;SC
Indaial;SC
Içara;SC
Videira;SC
Mafra;SC
Canoinhas;SC
São Francisco do Sul;SC
Imbituba;SC
Xanxerê;SC
Tijucas;SC
Guaramirim;SC
Timbó;SC
Barra Velha;SC
Araquari;SC
São Miguel do Oeste;SC
Laguna;SC
Curitibanos;SC
Rio Negrinho;SC
Campos Novos;SC
Pomerode;SC
Braço do Norte;SC
Penha;SC
Fraiburgo;SC
Porto União;SC
São João Batista;SC
Xaxim;SC
Forquilhinha;SC
Itapoá;SC
Joaçaba;SC
Sombrio;SC
Garopaba;SC
Maravilha;SC
Porto Belo;SC
Santo Amaro da Imperatriz;SC
Balneário Piçarras;SC
Ituporanga;SC
São Joaquim;SC
Bombinhas;SC
São Lourenço do Oeste;SC
Guabiruba;SC
Capivari de Baixo;SC
Orleans;SC
Capinzal;SC
Itaiópolis;SC
Pinhalzinho;SC
Herval d'Oeste;SC
Urussanga;SC
Jaguaruna;SC
Schroeder;SC
Presidente Getúlio;SC
Ibirama;SC
Três Barras;SC
Papanduva;SC
Seara;SC
Garuva;SC
Morro da Fumaça;SC
Taió;SC
Abelardo Luz;SC
Otacílio Costa;SC
Cocal do Sul;SC
Massaranduba;SC
Pouso Redondo;SC
Ilhota;SC
Governador Celso Ramos;SC
Itapiranga;SC
Balneário Rincão;SC
Balneário Arroio do Silva;SC
Correia Pinto;SC
Balneário Gaivota;SC
Palmitos;SC
Santa Cecília;SC
Corupá;SC
Dionísio Cerqueira;SC
Balneário Barra do Sul;SC
Lauro Müller;SC
São José do Cedro;SC
Nova Trento;SC
Siderópolis;SC
Nova Veneza;SC
São Ludgero;SC
Turvo;SC
Passo de Torres;SC
Sangão;SC
Lontras;SC
Canelinha;SC
Rodeio;SC
Campo Alegre;SC
Gravatal;SC
Imaruí;SC
Luiz Alves;SC
Lebon Régis;SC
Antônio Carlos;SC
Faxinal dos Guedes;SC
Quilombo;SC
Agrolândia;SC
Cunha Porã;SC
Rio dos Cedros;SC
Urubici;SC
Guaraciaba;SC
Ponte Serrada;SC
Jacinto Machado;SC
Catanduvas;SC
Benedito Novo;SC
Alfredo Wagner;SC
Coronel Freitas;SC
Irineópolis;SC
São Carlos;SC
Saudades;SC
Irani;SC
Pescaria Brava;SC
Mondaí;SC
Apiúna;SC
Santa Rosa do Sul;SC
Campo Erê;SC
Iporã do Oeste;SC
São Domingos;SC
Monte Carlo;SC
Paulo Lopes;SC
Armazém;SC
Treze Tílias;SC
São José do Cerrito;SC
São João do Sul;SC
Descanso;SC
Guatambu;SC
Bom Retiro;SC
Ascurra;SC
Anita Garibaldi;SC
Praia Grande;SC
Tangará;SC
Santa Terezinha;SC
Laurentino;SC
Ipumirim;SC
Maracajá;SC
Rio do Oeste;SC
Monte Castelo;SC
Ipuaçu;SC
Palma Sola;SC
Salete;SC
Major Vieira;SC
Treze de Maio;SC
Timbó Grande;SC
Trombudo Central;SC
Campo Belo do Sul;SC
Itá;SC
Ouro;SC
Meleiro;SC
Aurora;SC
Águas Mornas;SC
Petrolândia;SC
Água Doce;SC
Rio do Campo;SC
Caibi;SC
São João do Oeste;SC
Grão-Pará;SC
Rio das Antas;SC
Vidal Ramos;SC
São Cristóvão do Sul;SC
Agronômica;SC
Águas de Chapecó;SC
José Boiteux;SC
Imbuia;SC
Anchieta;SC
Bela Vista do Toldo;SC
Luzerna;SC
São Pedro de Alcântara;SC
Piratuba;SC
Timbé do Sul;SC
Vitor Meireles;SC
Botuverá;SC
Angelina;SC
Nova Erechim;SC
Tunápolis;SC
Erval Velho;SC
Rio Fortuna;SC
Guarujá do Sul;SC
Romelândia;SC
Cordilheira Alta;SC
Riqueza;SC
Caxambu do Sul;SC
Ipira;SC
Vargem Bonita;SC
Lindóia do Sul;SC
Nova Itaberaba;SC
São João do Itaperiú;SC
Ponte Alta;SC
Salto Veloso;SC
Arabutã;SC
Jaborá;SC
Paraíso;SC
Witmarsum;SC
Pedras Grandes;SC
Dona Emma;SC
Modelo;SC
Passos Maia;SC
Bom Jardim da Serra;SC
Braço do Trombudo;SC
Iraceminha;SC
Zortéa;SC
Treviso;SC
Xavantina;SC
Doutor Pedrinho;SC
Vargeão;SC
Saltinho;SC
Anitápolis;SC
Arroio Trinta;SC
Bocaina do Sul;SC
Pinheiro Preto;SC
Calmon;SC
São Martinho;SC
Entre Rios;SC
Leoberto Leal;SC
Cerro Negro;SC
Serra Alta;SC
Rancho Queimado;SC
Ibicaré;SC
Atalanta;SC
Major Gercino;SC
Galvão;SC
Ponte Alta do Norte;SC
Bandeirante;SC
Morro Grande;SC
Peritiba;SC
Princesa;SC
Chapadão do Lageado;SC
Planalto Alegre;SC
São Bonifácio;SC
Iomerê;SC
Águas Frias;SC
Sul Brasil;SC
Celso Ramos;SC
Bom Jesus;SC
União do Oeste;SC
Matos Costa;SC
São Bernardino;SC
Formosa do Sul;SC
Belmonte;SC
Urupema;SC
Novo Horizonte;SC
Vargem;SC
Capão Alto;SC
Abdon Batista;SC
Santa Terezinha do Progresso;SC
Palmeira;SC
Jupiá;SC
Mirim Doce;SC
Arvoredo;SC
Brunópolis;SC
Santa Helena;SC
Frei Rogério;SC
Rio Rufino;SC
Tigrinhos;SC
Presidente Nereu;SC
Ermo;SC
Lacerdópolis;SC
Painel;SC
Bom Jesus do Oeste;SC
Marema;SC
Ouro Verde;SC
Santa Rosa de Lima;SC
Irati;SC
Coronel Martins;SC
Ibiam;SC
Cunhataí;SC
Paial;SC
Alto Bela Vista;SC
Flor do Sertão;SC
São Miguel da Boa Vista;SC
Macieira;SC
Jardinópolis;SC
Lajeado Grande;SC
Presidente Castello Branco;SC
Barra Bonita;SC
Santiago do Sul;SC
